브랜드,차량명,연식,주행거리,연료,가격(만원),등록일자
현대,아반떼,2023.0,77097.0,Diesel,843,2024-05-22
현대,팰리세이드,2023.0,238879.0,가솔린,1405,2025-08-27
KG모빌리티,티볼리,2012.0,,Diesel,100,2025-06-01
현대,싼타페,2015.0,192700.0,전기,100,2024-08-13
KG모빌리티,토레스,2024.0,232881.0,경유,100,2025-12-15
KG모빌리티,토레스,2016.0,45758.0,하이브리드,153,2024-04-14
현대,투싼,2013.0,99104.0,하이브리드,100,2025-09-10
르노,SM6,2023.0,125435.0,휘발유,968,2025-01-22
현대,싼타페,2016.0,222423.0,하이브리드,100,2025-08-14
기아,쏘렌토,2013.0,17012.0,경유,484,2026-03-02
르노,SM6,2015.0,232143.0,EV,100,2024.10.11
KG모빌리티,토레스,2014.0,102040.0,경유,100,2025-11-17
르노,QM6,2022.0,174878.0,경유,100,2025-06-30
기아,K5,2019.0,104471.0,경유,135,2025-12-02
르노,SM6,2015.0,220430.0,하이브리드,100,25/02/14
르노,SM6,2015.0,244373.0,하이브리드,100,2024-08-05
KG모빌리티,렉스턴,2022.0,125285.0,하이브리드,723,2024-05-22
기아,쏘렌토,2020.0,146289.0,전기,429,2025.08.20
KG모빌리티,토레스,2015.0,41262.0,전기,219,2024-04-03
현대,아반떼,2014.0,169481.0,전기,100,2025-09-02
현대,투싼,2018.0,161208.0,하이브리드,100,2025.07.20
현대,팰리세이드,2023.0,35029.0,하이브리드,2768,2026-02-26
르노,SM6,2016.0,118971.0,전기,100,2024-01-04
르노,QM6,2024.0,51832.0,가솔린,1575,2025-10-02
르노,QM6,2020.0,164637.0,경유,100,2025-01-17
기아,스포티지,2024.0,246810.0,휘발유,634,2025-09-05
르노,XM3,2012.0,34325.0,하이브리드,178,2024-11-10
기아,K3,2015.0,235164.0,휘발유,100,2024-03-28
KG모빌리티,티볼리,2024.0,144645.0,경유,1493,2024-05-11
KG모빌리티,코란도,2016.0,143326.0,전기,100,2024-08-04
기아,쏘렌토,2016.0,109593.0,하이브리드,387,2025-03-24
KG모빌리티,티볼리,2015.0,63903.0,하이브리드,100,2024-01-22
기아,스포티지,2015.0,6885.0,휘발유,241,2024-08-22
현대,아반떼,2017.0,23574.0,경유,473,24/10/12
KG모빌리티,코란도,2020.0,39684.0,전기,926,2024-09-05
KG모빌리티,렉스턴,2015.0,29726.0,전기,252,2024-12-28
KG모빌리티,렉스턴,2019.0,231449.0,휘발유,441,2025-11-20
현대,아반떼,2018.0,195896.0,휘발유,100,2024-09-11
기아,K5,2020.0,122601.0,전기,100,2024-07-06
르노,XM3,2015.0,234241.0,휘발유,100,2025-03-29
현대,아반떼,2022.0,146711.0,휘발유,943,2024-04-05
기아,K5,2018.0,132307.0,경유,100,2025-02-14
현대,쏘나타,2018.0,5565.0,하이브리드,599,2025-04-10
르노,XM3,2023.0,196497.0,EV,924,24/06/07
기아,K7,2015.0,20331.0,휘발유,348,2026-02-04
르노,SM6,2012.0,158138.0,경유,100,2024-02-28
현대,쏘나타,,160984.0,경유,100,2025-02-17
현대,싼타페,2015.0,156760.0,휘발유,120000,2025-09-26
현대,투싼,2022.0,158006.0,하이브리드,597,2024-09-24
기아,쏘렌토,2023.0,87361.0,하이브리드,1391,2025-02-09
기아,쏘렌토,2022.0,83642.0,하이브리드,1603,26/02/08
현대,아반떼,2019.0,167833.0,휘발유,100,2024-03-16
기아,스포티지,2016.0,39722.0,하이브리드,473,24/03/11
기아,K7,2016.0,46352.0,하이브리드,240,2025-09-18
현대,팰리세이드,2020.0,83480.0,휘발유,1776,2024-05-17
르노,SM6,2013.0,,경유,100,2024-10-05
르노,QM6,2015.0,193117.0,경유,100,25/12/04
르노,QM6,2019.0,70829.0,휘발유,721,2024-04-04
KG모빌리티,토레스,2012.0,5929.0,경유,195,2025-10-14
르노,SM6,2023.0,120824.0,전기,1010,2025-07-28
현대,아반떼,2013.0,236501.0,경유,100,2025-07-12
현대,그랜저,2021.0,149841.0,전기,407,2024-05-10
현대,그랜저,2017.0,240662.0,휘발유,145,2025-01-01
기아,쏘렌토,2015.0,179832.0,하이브리드,100,2026-03-09
KG모빌리티,코란도,2015.0,231651.0,경유,100,2025-02-26
현대,쏘나타,2023.0,247348.0,EV,102,2025-11-16
기아,K7,2014.0,211405.0,가솔린,100,2025-01-26
현대,투싼,2015.0,57316.0,전기,244,2024-12-24
르노,SM6,2015.0,11203.0,경유,421,2025.02.12
르노,XM3,2013.0,207722.0,하이브리드,100,2025.10.18
KG모빌리티,토레스,2012.0,35236.0,하이브리드,163,2024-07-01
르노,SM6,2013.0,161387.0,하이브리드,100,2026-01-16
르노,XM3,2021.0,139066.0,전기,100,2025-08-13
기아,K7,2012.0,190803.0,휘발유,100,2025-06-16
기아,K7,2018.0,23343.0,하이브리드,821,25/09/30
르노,QM6,2013.0,193679.0,하이브리드,100,2025-06-03
르노,QM6,2018.0,90506.0,하이브리드,181,2025-07-21
기아,K5,2018.0,179307.0,전기,100,2025-11-24
기아,스포티지,2021.0,83892.0,휘발유,615,2024-11-07
르노,SM6,2018.0,210981.0,하이브리드,100,2025-04-21
KG모빌리티,렉스턴,2022.0,61020.0,전기,1831,2026-01-23
기아,쏘렌토,2013.0,79392.0,하이브리드,100,24/04/05
기아,쏘렌토,2016.0,63888.0,Diesel,725,2024-05-30
현대,아반떼,2015.0,129554.0,휘발유,100,2025-04-11
KG모빌리티,코란도,2023.0,187545.0,전기,466,2025-02-13
기아,K5,2022.0,185256.0,휘발유,100,2026-03-08
KG모빌리티,코란도,2014.0,215792.0,전기,100,2024-02-21
기아,카니발,2013.0,124658.0,전기,100,25/11/14
르노,XM3,2021.0,218649.0,전기,226,2025-07-15
KG모빌리티,코란도,2023.0,230835.0,전기,364,2024-09-22
기아,카니발,2022.0,77695.0,전기,1213,2025-10-03
기아,K7,2019.0,25311.0,하이브리드,823,2024-08-28
르노,XM3,2017.0,239101.0,휘발유,100,2024-05-21
기아,K5,2018.0,186914.0,경유,100,2024-03-06
KG모빌리티,렉스턴,2017.0,147242.0,전기,169,2024-03-04
기아,카니발,2018.0,107099.0,휘발유,378,2026-02-22
KG모빌리티,렉스턴,2012.0,97211.0,전기,100,2025-03-05
기아,K9,2015.0,76548.0,전기,251,2024-01-30
KG모빌리티,토레스,2022.0,183032.0,전기,721,2026-01-11
기아,카니발,2019.0,,휘발유,100,2025-02-07
현대,아반떼,2022.0,117358.0,전기,341,2024-07-05
현대,그랜저,2018.0,90813.0,전기,327,24/11/30
르노,XM3,2016.0,202134.0,전기,100,2024-09-15
현대,투싼,2012.0,201352.0,가솔린,100,2024-12-24
기아,쏘렌토,2013.0,209795.0,휘발유,100,2026-02-11
현대,쏘나타,2015.0,224998.0,Diesel,100,2024-09-01
기아,K9,2022.0,34986.0,경유,2075,2025-04-21
르노,XM3,2014.0,163831.0,휘발유,100,2026-03-07
기아,K7,2013.0,,하이브리드,100,2025-08-12
KG모빌리티,렉스턴,,56990.0,경유,1134,2024-04-14
르노,QM6,2021.0,216164.0,가솔린,-500,2024-12-21
KG모빌리티,토레스,2013.0,137634.0,하이브리드,100,2024-01-13
KG모빌리티,렉스턴,2013.0,118645.0,하이브리드,124,2025-10-12
KG모빌리티,코란도,2018.0,51173.0,하이브리드,562,2025.09.22
KG모빌리티,렉스턴,2018.0,221461.0,하이브리드,254,2024-11-26
기아,카니발,2013.0,78119.0,전기,100,2024-09-06
KG모빌리티,렉스턴,2017.0,,하이브리드,869,2024-07-05
KG모빌리티,코란도,2017.0,214146.0,하이브리드,100,2024-10-13
르노,QM6,2012.0,140430.0,경유,100,2024-03-28
기아,쏘렌토,2018.0,133077.0,경유,499,2025-12-08
KG모빌리티,렉스턴,2019.0,212862.0,가솔린,100,2024-10-28
기아,K9,2023.0,68780.0,하이브리드,1654,2025-04-29
르노,XM3,2023.0,149281.0,하이브리드,591,2025-12-20
KG모빌리티,토레스,,70903.0,휘발유,100,2026-01-08
기아,K7,2013.0,199741.0,경유,100,2024-07-15
기아,쏘렌토,2019.0,77482.0,하이브리드,1205,2024-04-12
기아,K7,2015.0,99602.0,하이브리드,100,2024-01-15
기아,K7,2012.0,19293.0,하이브리드,174,2025-12-15
기아,쏘렌토,2024.0,133680.0,휘발유,1080,2025-08-10
르노,XM3,2019.0,120466.0,경유,102,2024-02-22
르노,XM3,2013.0,220512.0,전기,100,2025-05-18
현대,싼타페,2022.0,184949.0,경유,100,2024-06-01
르노,SM6,2015.0,36051.0,전기,262,2025-09-12
기아,카니발,2020.0,104713.0,전기,390,2024-10-31
KG모빌리티,토레스,2021.0,167798.0,휘발유,100,2026-02-20
기아,쏘렌토,2015.0,74375.0,Gasoline,415,2024-06-09
기아,K5,2020.0,24677.0,휘발유,563,2025-02-22
KG모빌리티,렉스턴,2016.0,13556.0,하이브리드,513,2025-12-24
르노,QM6,2019.0,23659.0,경유,814,2024-09-27
기아,K9,2013.0,147753.0,경유,100,2024-09-29
기아,K3,2012.0,48495.0,하이브리드,100,2025-09-01
르노,XM3,2013.0,127866.0,하이브리드,100,25/12/17
KG모빌리티,토레스,2020.0,146552.0,전기,214,2024-03-23
현대,투싼,,89494.0,하이브리드,1233,2024-01-27
현대,쏘나타,2022.0,224141.0,휘발유,582,2026-02-22
르노,QM6,2012.0,205044.0,경유,100,2025-04-26
KG모빌리티,토레스,2014.0,158440.0,전기,100,2024-04-03
KG모빌리티,토레스,2018.0,92374.0,휘발유,126,2024-06-13
르노,XM3,2023.0,134884.0,전기,609,2026-02-17
현대,투싼,2013.0,87448.0,하이브리드,100,2024-04-28
KG모빌리티,티볼리,2022.0,232899.0,전기,198,2025-02-27
현대,쏘나타,2020.0,99838.0,전기,547,2025-10-02
KG모빌리티,티볼리,2015.0,75007.0,경유,100,2024-10-21
KG모빌리티,렉스턴,2013.0,12567.0,디젤,661,2025-12-27
기아,K7,2020.0,8584.0,전기,949,2024.04.05
기아,카니발,2013.0,125965.0,휘발유,100,2025-10-25
기아,K9,2023.0,81509.0,하이브리드,2101,2025-03-01
KG모빌리티,렉스턴,2015.0,124743.0,경유,100,2025-01-27
기아,스포티지,2020.0,200636.0,경유,241,2024-03-12
르노,XM3,2017.0,249907.0,하이브리드,100,2024-01-03
르노,QM6,2016.0,224539.0,전기,100,2024-06-01
KG모빌리티,렉스턴,2017.0,92147.0,전기,526,2025-04-11
르노,SM6,2023.0,67601.0,전기,1302,24/08/27
KG모빌리티,티볼리,2017.0,200219.0,전기,100,25/01/30
기아,K9,2012.0,38094.0,하이브리드,226,2024-04-12
KG모빌리티,티볼리,2020.0,243666.0,휘발유,100,26/01/09
기아,K9,2022.0,45464.0,전기,976,2026-03-11
르노,XM3,2021.0,186588.0,휘발유,100,2024.12.02
KG모빌리티,토레스,,193407.0,전기,764,2025-07-08
현대,싼타페,2013.0,66543.0,하이브리드,100,2024-08-20
현대,투싼,2013.0,204326.0,휘발유,100,2025-03-30
기아,쏘렌토,2016.0,241827.0,휘발유,100,2024-11-28
현대,그랜저,2017.0,103262.0,디젤,355,2024-09-07
KG모빌리티,코란도,2014.0,50893.0,전기,100,2025-09-26
기아,K9,2021.0,42517.0,전기,1097,25/10/15
르노,XM3,2016.0,179808.0,전기,100,2024-10-21
기아,K3,2019.0,95587.0,하이브리드,389,2025-10-16
KG모빌리티,토레스,2019.0,226591.0,경유,100,2025-01-28
KG모빌리티,티볼리,2015.0,104972.0,하이브리드,100,2025-08-11
르노,QM6,2016.0,10751.0,전기,576,2024-10-08
현대,싼타페,2022.0,209029.0,휘발유,534,2025-09-12
KG모빌리티,토레스,2024.0,214416.0,하이브리드,352,2024-08-12
기아,스포티지,2016.0,182671.0,경유,100,2025-10-05
현대,팰리세이드,2022.0,15334.0,전기,1628,2024-02-04
르노,QM6,2014.0,28627.0,하이브리드,335,2024-11-30
KG모빌리티,코란도,2015.0,39644.0,하이브리드,322,2025.06.27
르노,SM6,2016.0,244612.0,전기,100,2024-10-29
르노,SM6,2019.0,24739.0,경유,449,2025-11-23
KG모빌리티,토레스,2013.0,212272.0,휘발유,100,2024-09-27
현대,투싼,2017.0,181377.0,하이브리드,100,25/08/21
KG모빌리티,토레스,2013.0,181904.0,전기,100,2024-01-26
르노,QM6,2015.0,174778.0,전기,100,25/12/18
르노,QM6,,35585.0,가솔린,309,2024-02-08
르노,XM3,2013.0,30478.0,디젤,100,2025-02-01
KG모빌리티,토레스,2022.0,199809.0,전기,528,2025-08-24
기아,K9,,30957.0,EV,2671,2025-09-22
KG모빌리티,토레스,2012.0,185952.0,경유,100,2025-03-30
KG모빌리티,코란도,2017.0,31045.0,하이브리드,517,2025-07-11
르노,SM6,2018.0,77320.0,휘발유,128,2025-04-10
현대,팰리세이드,2015.0,173218.0,휘발유,100,2024-02-21
르노,SM6,,211301.0,Diesel,100,2024-03-11
기아,스포티지,2015.0,218136.0,경유,100,2024-12-02
기아,카니발,2021.0,5743.0,경유,888,2024-05-13
르노,SM6,2013.0,178292.0,휘발유,100,2024-05-14
현대,그랜저,2024.0,211682.0,하이브리드,1090,2024-01-17
기아,K7,2012.0,38228.0,전기,119,2025-06-22
현대,팰리세이드,2013.0,129845.0,하이브리드,100,2025-06-09
현대,투싼,2020.0,63077.0,휘발유,981,2026-01-14
르노,XM3,2022.0,13165.0,전기,782,2025-02-15
KG모빌리티,티볼리,2019.0,191751.0,전기,119,2024-03-16
현대,그랜저,2021.0,43884.0,경유,787,2024-10-08
르노,XM3,2021.0,144082.0,전기,213,2025-06-01
KG모빌리티,티볼리,2024.0,188967.0,경유,308,2025-03-16
KG모빌리티,코란도,2018.0,93848.0,전기,401,2025-02-12
KG모빌리티,티볼리,2017.0,116873.0,하이브리드,100,2025-01-18
기아,쏘렌토,2019.0,22598.0,휘발유,648,2024-04-05
KG모빌리티,티볼리,2023.0,198670.0,경유,396,2025-07-23
현대,싼타페,2020.0,152241.0,휘발유,100,2025-02-24
르노,QM6,2024.0,115870.0,휘발유,1788,2024-10-21
르노,XM3,2013.0,156497.0,경유,100,2024-06-07
KG모빌리티,코란도,,96780.0,하이브리드,100,2024-04-27
르노,QM6,2015.0,216608.0,휘발유,100,2025-09-15
르노,SM6,2014.0,76636.0,하이브리드,100,2024-12-13
르노,SM6,2014.0,233029.0,전기,100,2024-03-12
기아,쏘렌토,2022.0,13036.0,경유,1175,2025-01-20
KG모빌리티,렉스턴,2017.0,46263.0,하이브리드,583,2026-01-08
르노,QM6,2021.0,27270.0,휘발유,1332,2024-06-08
기아,카니발,2021.0,,휘발유,1188,2024-10-05
KG모빌리티,렉스턴,2019.0,,전기,401,2024-10-06
기아,카니발,2020.0,34836.0,전기,658,2024-04-23
르노,QM6,2022.0,160486.0,하이브리드,500,2024-02-16
기아,K9,2021.0,19360.0,경유,804,2024-11-04
기아,카니발,2014.0,205320.0,하이브리드,100,2024-12-01
현대,아반떼,2019.0,200825.0,경유,100,2024-05-12
KG모빌리티,코란도,2020.0,151466.0,하이브리드,452,2024-03-14
KG모빌리티,티볼리,2018.0,9912.0,휘발유,616,2024-11-16
KG모빌리티,렉스턴,2023.0,172809.0,하이브리드,1414,2024-04-27
KG모빌리티,티볼리,2017.0,50055.0,전기,477,2025-12-07
르노,SM6,2018.0,226376.0,경유,100,2025-03-22
KG모빌리티,티볼리,2018.0,233202.0,하이브리드,100,2024.08.14
르노,SM6,2013.0,138820.0,휘발유,100,2025-06-27
기아,카니발,2017.0,97038.0,경유,207,2024-08-29
현대,쏘나타,2016.0,56713.0,경유,100,2026-02-17
현대,쏘나타,2024.0,169613.0,전기,966,2026-02-11
KG모빌리티,토레스,2022.0,87873.0,전기,505,2024.03.10
KG모빌리티,렉스턴,2022.0,84382.0,하이브리드,2324,2025-08-28
현대,그랜저,2020.0,24448.0,전기,1111,2025-04-07
현대,아반떼,2017.0,223024.0,휘발유,100,2025-10-22
현대,싼타페,2021.0,137924.0,전기,325,2025-08-17
현대,투싼,2024.0,154856.0,경유,1273,2024-11-25
KG모빌리티,코란도,2012.0,123101.0,하이브리드,100,2026-01-01
현대,싼타페,2022.0,50235.0,경유,574,2025.12.25
KG모빌리티,렉스턴,2020.0,142035.0,경유,986,2025-01-07
르노,XM3,2018.0,112156.0,하이브리드,280,2025-11-26
현대,팰리세이드,2022.0,92726.0,하이브리드,721,2024.04.06
KG모빌리티,토레스,2016.0,194722.0,경유,100,2024-12-07
현대,싼타페,2022.0,42074.0,하이브리드,1552,2024-11-13
KG모빌리티,코란도,2021.0,190816.0,휘발유,564,2024-11-13
KG모빌리티,토레스,2014.0,180666.0,휘발유,100,2025-10-23
KG모빌리티,토레스,2012.0,100052.0,경유,100,2024-08-07
르노,XM3,,64386.0,경유,100,2024-03-20
르노,SM6,2020.0,207080.0,휘발유,100,2025-11-08
르노,QM6,2014.0,161564.0,경유,100,2024-06-15
기아,카니발,2023.0,207138.0,경유,671,2026-01-08
KG모빌리티,티볼리,2018.0,100498.0,경유,284,2025-03-30
르노,QM6,2024.0,122683.0,경유,816,24/11/12
KG모빌리티,코란도,2017.0,182814.0,전기,100,2025-04-17
르노,XM3,2020.0,143270.0,경유,173,2024-07-23
기아,카니발,2016.0,18678.0,전기,460,2025-01-15
현대,팰리세이드,2020.0,228128.0,하이브리드,100,2024-03-26
기아,K7,2019.0,242320.0,경유,100,2025-03-23
현대,쏘나타,2019.0,236900.0,휘발유,100,2025-02-28
현대,투싼,2020.0,103031.0,전기,232,2024-03-24
르노,SM6,2012.0,88541.0,휘발유,100,2026-01-01
르노,SM6,2014.0,15040.0,전기,222,2025-12-13
기아,카니발,2023.0,127974.0,휘발유,845,2024-03-22
현대,그랜저,2015.0,223880.0,전기,100,2024-04-23
르노,SM6,2016.0,36941.0,경유,130,2025-03-05
KG모빌리티,티볼리,2013.0,224332.0,전기,100,25/09/03
현대,팰리세이드,2020.0,155745.0,경유,349,2024-10-25
KG모빌리티,티볼리,2021.0,97488.0,EV,396,2024-07-10
현대,싼타페,2017.0,22741.0,휘발유,686,2025-02-03
KG모빌리티,티볼리,2022.0,106418.0,하이브리드,650,2026-02-04
현대,그랜저,2024.0,22710.0,경유,2352,2026-01-20
현대,싼타페,2023.0,203358.0,경유,322,2024-02-15
르노,QM6,2017.0,218256.0,경유,100,2026-03-08
KG모빌리티,렉스턴,2022.0,52783.0,경유,2515,2024-03-05
KG모빌리티,티볼리,2016.0,57845.0,경유,100,2024-02-12
르노,XM3,2020.0,109392.0,전기,648,2024-09-16
현대,팰리세이드,2015.0,80002.0,휘발유,179,2025.11.02
르노,XM3,2013.0,214542.0,전기,100,2025-02-13
KG모빌리티,렉스턴,2017.0,53973.0,전기,664,2025-01-11
르노,SM6,2023.0,116280.0,전기,439,2025-09-08
기아,스포티지,2016.0,89203.0,휘발유,100,24/12/01
르노,XM3,2019.0,162973.0,전기,137,2024-06-19
KG모빌리티,토레스,2019.0,16103.0,하이브리드,877,2025-09-21
KG모빌리티,토레스,2022.0,212481.0,휘발유,734,2024-03-17
KG모빌리티,토레스,2020.0,215002.0,경유,100,2024-02-01
기아,카니발,2021.0,,전기,462,2024-02-05
기아,K3,2015.0,209083.0,하이브리드,100,2025-01-05
KG모빌리티,티볼리,2021.0,45222.0,전기,1056,2025-01-14
르노,XM3,2024.0,25155.0,경유,1807,2025-06-26
르노,XM3,2017.0,175278.0,경유,100,2024-04-26
현대,팰리세이드,2014.0,135821.0,전기,100,2025-07-29
현대,그랜저,2024.0,73233.0,전기,3162,2024-08-07
르노,QM6,2019.0,57475.0,경유,274,2024-03-16
KG모빌리티,코란도,2023.0,121683.0,하이브리드,423,2025-11-14
르노,QM6,2013.0,149178.0,하이브리드,100,2024-11-03
기아,쏘렌토,2023.0,248092.0,경유,1749,2025-01-05
기아,K3,2015.0,212635.0,경유,100,2025-05-20
현대,그랜저,2020.0,155019.0,EV,549,2025-07-18
기아,스포티지,2013.0,22235.0,전기,147,2026-01-04
KG모빌리티,렉스턴,2024.0,112330.0,휘발유,3320,2024-05-08
르노,QM6,2013.0,122958.0,하이브리드,100,2024-05-11
기아,카니발,2014.0,118408.0,휘발유,100,2024-05-07
기아,K7,2014.0,47458.0,경유,100,2024-12-20
르노,SM6,2016.0,56459.0,하이브리드,269,2024-05-08
르노,QM6,2020.0,29491.0,경유,806,2025-08-29
기아,K5,2022.0,168703.0,HEV,709,2025-07-31
현대,아반떼,2013.0,16917.0,HEV,332,2025-10-28
기아,카니발,2021.0,114205.0,휘발유,656,2025-05-24
르노,QM6,2016.0,131601.0,전기,100,2024-10-31
KG모빌리티,티볼리,2023.0,20705.0,전기,1016,2025-03-01
KG모빌리티,렉스턴,2015.0,94179.0,경유,279,2024-11-16
르노,QM6,2017.0,109521.0,하이브리드,100,2025-06-11
현대,그랜저,2015.0,127282.0,하이브리드,100,2025-04-05
기아,K5,2013.0,18265.0,전기,162,2025-09-22
KG모빌리티,코란도,2014.0,218248.0,하이브리드,100,2024-07-13
기아,K9,2020.0,127372.0,하이브리드,888,2025-05-24
현대,아반떼,2018.0,137499.0,경유,100,2024-08-08
르노,SM6,2012.0,78755.0,전기,100,24/10/19
현대,아반떼,2018.0,40110.0,하이브리드,701,2026-01-14
르노,XM3,2017.0,16860.0,휘발유,453,2025-08-06
기아,K7,2020.0,80655.0,전기,219,2025-05-31
KG모빌리티,토레스,2021.0,183362.0,휘발유,304,2024-05-11
현대,투싼,2017.0,213377.0,하이브리드,100,2026-02-12
기아,K5,2021.0,138463.0,휘발유,338,2024-02-16
현대,쏘나타,2023.0,92304.0,전기,1471,2025-06-15
KG모빌리티,코란도,2021.0,239129.0,경유,100,2024-12-01
르노,SM6,2018.0,,하이브리드,100,2025-08-30
르노,QM6,2020.0,144549.0,하이브리드,221,2025-05-01
현대,그랜저,2017.0,181634.0,전기,100,2025-08-20
르노,QM6,2023.0,169956.0,전기,105,2024-09-28
기아,쏘렌토,2012.0,157967.0,경유,100,2025-06-20
KG모빌리티,코란도,2022.0,68490.0,휘발유,474,2024-07-14
현대,투싼,2017.0,114780.0,전기,100,2025-12-08
기아,K9,2020.0,208154.0,전기,0,2026-01-23
현대,팰리세이드,2014.0,140969.0,하이브리드,100,2025-11-09
KG모빌리티,렉스턴,2017.0,50398.0,하이브리드,647,2025-07-13
르노,QM6,2024.0,,HEV,988,2025-09-16
KG모빌리티,코란도,2015.0,78139.0,하이브리드,100,2024-08-18
르노,XM3,2023.0,59336.0,전기,1492,2024-11-20
KG모빌리티,토레스,2020.0,249763.0,하이브리드,100,2024-10-21
현대,싼타페,2022.0,147394.0,전기,452,2024-12-19
기아,K7,2012.0,80400.0,휘발유,100,24/12/20
KG모빌리티,토레스,2023.0,130587.0,디젤,537,2025-07-05
르노,QM6,2023.0,76203.0,휘발유,713,2025-09-22
기아,K5,2012.0,180592.0,경유,100,25/10/15
기아,K3,2013.0,113344.0,전기,100,2024.04.12
기아,K3,2020.0,248557.0,EV,100,2025-10-30
KG모빌리티,렉스턴,2022.0,57286.0,하이브리드,2374,2024-11-24
르노,QM6,2012.0,243010.0,휘발유,100,2025-10-29
기아,스포티지,2023.0,194560.0,휘발유,1018,2024-06-28
KG모빌리티,코란도,2012.0,,전기,100,2024-07-09
르노,SM6,2012.0,83221.0,휘발유,100,2024-12-09
르노,XM3,2022.0,147422.0,전기,606,2024-05-17
KG모빌리티,토레스,2015.0,217025.0,하이브리드,100,2024-06-15
KG모빌리티,토레스,2023.0,53810.0,하이브리드,669,2024-10-29
기아,K5,2021.0,229433.0,전기,100,2025-03-13
르노,SM6,2018.0,180441.0,경유,100,2024-05-23
KG모빌리티,토레스,2015.0,6790.0,전기,306,2024-08-29
KG모빌리티,토레스,2017.0,84153.0,휘발유,203,2024-09-24
르노,QM6,2015.0,,휘발유,373,25/04/21
르노,SM6,2018.0,184850.0,하이브리드,100,2025-12-07
현대,팰리세이드,2016.0,101349.0,경유,383,2024-08-12
기아,K9,2014.0,124269.0,하이브리드,100,2025-03-01
KG모빌리티,코란도,2024.0,69871.0,휘발유,1741,25/06/22
KG모빌리티,토레스,2013.0,245450.0,휘발유,100,2024-03-04
기아,스포티지,2020.0,44282.0,하이브리드,471,2025-06-16
KG모빌리티,티볼리,2022.0,58844.0,전기,1255,2024-04-03
KG모빌리티,티볼리,2019.0,39588.0,전기,620,2025-04-12
현대,싼타페,2019.0,181362.0,하이브리드,104,2026.01.10
현대,투싼,2016.0,,Diesel,100,2025-08-15
현대,아반떼,2018.0,95316.0,휘발유,323,2025-07-08
현대,아반떼,2019.0,13319.0,전기,602,2024-07-03
기아,카니발,2022.0,196178.0,전기,492,2025-01-18
KG모빌리티,렉스턴,2018.0,103473.0,경유,117,2025-10-31
르노,SM6,2014.0,145839.0,경유,100,2026.01.15
기아,카니발,2012.0,203227.0,하이브리드,100,2025-04-19
KG모빌리티,렉스턴,2015.0,69883.0,하이브리드,301,2024-06-07
르노,SM6,2023.0,205668.0,휘발유,100,2025-11-07
KG모빌리티,티볼리,2015.0,59023.0,휘발유,100,2025.08.31
현대,투싼,2021.0,181166.0,휘발유,399,2024-09-07
현대,투싼,2019.0,66430.0,경유,503,2026-02-11
현대,쏘나타,2020.0,80828.0,하이브리드,342,2025-08-14
르노,SM6,2016.0,234705.0,경유,100,2025-02-27
르노,XM3,2012.0,150940.0,디젤,100,2025-10-03
KG모빌리티,렉스턴,2012.0,95286.0,전기,125,2025-06-21
르노,QM6,2018.0,112022.0,하이브리드,100,2025-01-20
기아,카니발,2020.0,129130.0,경유,106,2024-11-03
기아,카니발,2019.0,244793.0,전기,100,2025-03-02
기아,K9,2015.0,71845.0,하이브리드,115,2025-10-24
현대,투싼,,29238.0,경유,455,2024-02-22
르노,XM3,2022.0,163589.0,가솔린,609,2024-03-15
기아,카니발,2024.0,159031.0,경유,1360,2025-05-05
기아,카니발,2017.0,84478.0,휘발유,379,2024-08-04
기아,쏘렌토,2013.0,200789.0,전기,100,2024-09-05
기아,K9,2015.0,149724.0,하이브리드,100,2025-01-24
KG모빌리티,토레스,2016.0,73566.0,전기,100,2025-04-22
현대,팰리세이드,2019.0,204656.0,하이브리드,720,2024-07-27
르노,XM3,2018.0,16984.0,경유,638,2026-01-29
기아,K3,2016.0,150047.0,전기,100,2024-10-29
기아,K5,2017.0,65298.0,경유,201,2025-05-26
르노,XM3,2024.0,220375.0,전기,704,2025-04-16
기아,쏘렌토,2024.0,97320.0,경유,1459,2026-01-07
KG모빌리티,코란도,2020.0,173246.0,휘발유,439,2025-06-20
현대,아반떼,2022.0,17717.0,휘발유,1511,2025-02-26
기아,카니발,2022.0,65668.0,디젤,527,2024-01-10
기아,스포티지,2019.0,102832.0,전기,100,2025-11-06
KG모빌리티,티볼리,,144516.0,전기,100,2024-01-13
현대,싼타페,2023.0,77021.0,하이브리드,1210,2024-01-18
KG모빌리티,코란도,2013.0,245660.0,경유,100,2024-09-03
기아,스포티지,2020.0,71169.0,하이브리드,839,24/09/30
KG모빌리티,티볼리,2017.0,111437.0,경유,100,2025-12-14
기아,K7,2022.0,222071.0,휘발유,95000,2025-10-31
현대,아반떼,2018.0,104421.0,전기,100,2024-02-27
현대,팰리세이드,2014.0,26675.0,전기,442,2025.10.22
르노,QM6,2013.0,239564.0,휘발유,100,2024-08-23
기아,카니발,2023.0,237667.0,전기,445,2024-10-04
현대,아반떼,2022.0,247636.0,Gasoline,100,2024-07-02
르노,SM6,2015.0,158887.0,전기,100,2024-03-19
르노,SM6,2021.0,68038.0,전기,840,2025-11-24
르노,XM3,2024.0,198919.0,휘발유,296,2025-05-27
르노,SM6,2013.0,119580.0,휘발유,100,2024-12-14
KG모빌리티,토레스,2012.0,171231.0,전기,100,2025-05-17
기아,K7,2020.0,103415.0,경유,382,2025-11-27
KG모빌리티,티볼리,2024.0,167166.0,경유,684,2025-12-31
현대,아반떼,2016.0,45428.0,경유,221,2026-01-27
KG모빌리티,토레스,2017.0,32931.0,휘발유,226,2024-11-11
KG모빌리티,토레스,2024.0,75717.0,경유,856,2024-03-30
기아,K9,2019.0,151010.0,전기,614,2024-04-15
현대,아반떼,2017.0,150285.0,하이브리드,100,2025-01-29
현대,그랜저,2018.0,106659.0,휘발유,881,2026-01-12
기아,스포티지,2020.0,49455.0,전기,848,2024-06-22
기아,K7,2016.0,75361.0,경유,117,2024-03-05
기아,K9,2016.0,115389.0,전기,100,2024-03-19
르노,XM3,2015.0,193979.0,전기,100,2025-08-31
기아,K9,2013.0,40517.0,휘발유,190,2025-02-09
르노,QM6,2018.0,215783.0,하이브리드,100,2025-03-26
르노,XM3,2022.0,160816.0,하이브리드,124,2024-11-24
기아,K9,2017.0,51566.0,전기,1120,2024-11-22
르노,QM6,2023.0,170911.0,경유,684,2024-11-29
KG모빌리티,토레스,2024.0,108005.0,휘발유,1083,2025-07-31
기아,스포티지,2020.0,52166.0,휘발유,831,2026-01-14
KG모빌리티,코란도,2019.0,214108.0,휘발유,100,2025-02-22
KG모빌리티,코란도,2022.0,84385.0,하이브리드,619,2025-11-05
기아,쏘렌토,2018.0,211851.0,휘발유,100,25/04/04
KG모빌리티,렉스턴,2020.0,137805.0,전기,1492,2025-07-10
현대,그랜저,2023.0,239750.0,휘발유,2073,2024-04-21
기아,쏘렌토,2022.0,98063.0,휘발유,909,2025-07-30
KG모빌리티,토레스,2024.0,117841.0,휘발유,651,2024-04-10
르노,SM6,2020.0,200783.0,경유,100,2025-04-01
르노,XM3,2019.0,207464.0,경유,100,2024-12-19
현대,투싼,2013.0,,휘발유,100,2024-04-28
기아,K7,2016.0,94932.0,경유,100,2025-06-17
KG모빌리티,토레스,2019.0,,전기,615,2024-11-22
현대,그랜저,2012.0,217385.0,Gasoline,100,2024-01-24
르노,QM6,2013.0,182508.0,경유,100,2026-01-28
기아,스포티지,,149679.0,하이브리드,100,2025-07-27
KG모빌리티,렉스턴,2015.0,214126.0,경유,100,2024-07-09
KG모빌리티,렉스턴,2012.0,198301.0,경유,100,2025-04-05
KG모빌리티,렉스턴,2012.0,189742.0,경유,100,2024-10-12
현대,싼타페,2013.0,214584.0,경유,100,2025-01-09
르노,SM6,2019.0,34872.0,전기,479,2025-06-24
르노,QM6,2018.0,165250.0,휘발유,100,2024-12-22
르노,XM3,2021.0,50227.0,하이브리드,1154,2025-09-21
현대,팰리세이드,2014.0,87099.0,경유,100,2024-11-08
현대,쏘나타,2017.0,186780.0,전기,100,2025-03-04
기아,스포티지,2018.0,115897.0,전기,100,2025-10-12
기아,스포티지,2014.0,133356.0,경유,100,2024-07-10
르노,XM3,2021.0,19053.0,하이브리드,1357,2024-01-10
KG모빌리티,코란도,2015.0,218703.0,전기,100,25/02/22
KG모빌리티,렉스턴,2023.0,225172.0,전기,1219,2024-06-20
현대,싼타페,2012.0,213635.0,경유,100,2024-10-26
현대,그랜저,2015.0,,경유,100,26/03/10
KG모빌리티,렉스턴,2020.0,138904.0,휘발유,234,2024-10-01
르노,QM6,2024.0,15907.0,전기,2128,2025-07-13
기아,K9,2013.0,197935.0,경유,100,2024-10-31
현대,투싼,2016.0,96377.0,Gasoline,161,2025-03-25
현대,쏘나타,2015.0,217520.0,하이브리드,100,2025-12-28
KG모빌리티,코란도,2021.0,41499.0,경유,1171,2024-07-30
현대,싼타페,2017.0,144534.0,경유,100,2024.11.27
르노,XM3,2021.0,75082.0,휘발유,1155,2024-05-18
KG모빌리티,티볼리,2016.0,232291.0,경유,100,2025-12-19
기아,K5,2014.0,191487.0,경유,100,2026-02-18
KG모빌리티,렉스턴,2014.0,156368.0,하이브리드,100,2025-10-04
KG모빌리티,렉스턴,2019.0,24796.0,휘발유,1349,2025-02-16
르노,QM6,2017.0,124195.0,전기,177,2024-12-01
현대,팰리세이드,2013.0,196609.0,전기,100,2025-10-12
르노,SM6,2024.0,145096.0,경유,946,2025-03-15
기아,K9,2016.0,89637.0,하이브리드,613,2024-12-11
기아,스포티지,2019.0,211649.0,휘발유,100,2024-02-17
현대,팰리세이드,2024.0,224336.0,휘발유,1683,2024-05-07
기아,K9,2019.0,5177.0,전기,1873,24/07/26
기아,쏘렌토,,46674.0,하이브리드,865,2024-04-05
르노,XM3,2013.0,102476.0,경유,100,2024-02-23
KG모빌리티,토레스,2023.0,188354.0,경유,929,2025-03-15
현대,팰리세이드,2013.0,5284.0,전기,321,2024-03-20
기아,스포티지,2015.0,141169.0,전기,100,2024-01-10
현대,팰리세이드,2017.0,219200.0,전기,100,2025-12-11
기아,K9,2013.0,65017.0,휘발유,106,2026.01.18
현대,아반떼,2017.0,101354.0,HEV,258,2024-05-20
KG모빌리티,코란도,2022.0,182507.0,휘발유,100,2025-06-27
현대,싼타페,2022.0,48022.0,하이브리드,1013,2026-01-09
기아,쏘렌토,2023.0,44681.0,전기,3318,2025-09-22
KG모빌리티,코란도,2013.0,240036.0,경유,100,2026-02-09
현대,싼타페,2023.0,105671.0,전기,834,2024-11-18
기아,K5,2016.0,173983.0,경유,100,2025-07-20
르노,QM6,2012.0,227269.0,하이브리드,100,2024-07-29
기아,쏘렌토,2018.0,82474.0,휘발유,854,2024-09-02
KG모빌리티,렉스턴,2013.0,68198.0,휘발유,148,2025-06-24
현대,그랜저,2017.0,39598.0,전기,632,2025-01-09
기아,카니발,2019.0,206947.0,휘발유,100,2025-08-24
현대,아반떼,2016.0,61555.0,휘발유,100,2025-02-11
르노,QM6,2023.0,136346.0,전기,1204,2025-03-09
KG모빌리티,티볼리,2022.0,145657.0,경유,629,2024-10-11
현대,그랜저,2013.0,139035.0,경유,100,2024-06-08
르노,XM3,2021.0,171276.0,휘발유,503,2024-11-13
KG모빌리티,코란도,2012.0,69088.0,전기,100,2024-04-28
KG모빌리티,티볼리,2016.0,179608.0,경유,100,2024-05-02
현대,팰리세이드,2014.0,188893.0,경유,100,2025-05-23
르노,QM6,2020.0,210255.0,하이브리드,150,2024-06-19
르노,SM6,2023.0,209766.0,하이브리드,970,2026-01-20
현대,아반떼,2017.0,216578.0,하이브리드,100,2025-06-20
현대,그랜저,2023.0,,휘발유,2026,2025-05-23
KG모빌리티,토레스,2012.0,135969.0,경유,100,2025-01-11
기아,K7,2024.0,31975.0,휘발유,2247,2024-08-21
현대,아반떼,2012.0,69107.0,전기,100,2025-01-07
KG모빌리티,코란도,2014.0,249098.0,휘발유,100,2025-07-20
KG모빌리티,코란도,2017.0,70080.0,하이브리드,194,2024-10-04
현대,싼타페,2017.0,36300.0,휘발유,404,2024-07-02
기아,카니발,2020.0,17039.0,전기,1217,2024-03-11
KG모빌리티,토레스,2024.0,226471.0,하이브리드,411,2024-03-29
KG모빌리티,티볼리,2017.0,57604.0,하이브리드,198,2026-01-27
기아,K9,2017.0,160108.0,전기,585,2026-03-02
기아,쏘렌토,2020.0,204355.0,경유,962,2024-06-03
현대,투싼,2012.0,66078.0,하이브리드,100,2025-10-13
현대,그랜저,2012.0,203948.0,전기,100,2026-01-25
르노,SM6,2015.0,143887.0,전기,100,2025-05-18
현대,쏘나타,2023.0,78354.0,휘발유,646,2024-08-25
KG모빌리티,토레스,2019.0,201057.0,휘발유,100,2025-06-01
기아,쏘렌토,2018.0,24616.0,휘발유,1082,2025-03-21
기아,K5,2016.0,73417.0,하이브리드,271,2025.02.06
르노,XM3,2019.0,76291.0,휘발유,253,2024-07-26
기아,카니발,2024.0,158277.0,경유,453,2024-04-18
기아,K9,2019.0,87321.0,휘발유,738,2025-07-02
르노,SM6,2019.0,85821.0,하이브리드,356,2024-05-02
현대,쏘나타,2024.0,184845.0,휘발유,610,24/08/08
르노,SM6,2013.0,191425.0,하이브리드,100,2025-02-09
현대,팰리세이드,2016.0,73201.0,경유,689,2024-02-01
KG모빌리티,렉스턴,2020.0,,경유,598,2024-04-06
KG모빌리티,티볼리,2024.0,213092.0,휘발유,225,2024-01-13
현대,쏘나타,2014.0,56939.0,전기,168,2025-01-16
현대,싼타페,2021.0,72848.0,휘발유,1135,24/01/23
현대,쏘나타,2022.0,121242.0,Diesel,1042,2024.04.04
르노,SM6,2012.0,125847.0,경유,100,25/08/10
KG모빌리티,렉스턴,2019.0,12728.0,전기,1080,2024-06-25
르노,SM6,2014.0,77084.0,전기,100,2024-06-01
현대,싼타페,2021.0,166736.0,하이브리드,100,2025-05-25
KG모빌리티,렉스턴,2012.0,27995.0,전기,183,2024-05-20
KG모빌리티,코란도,2022.0,236906.0,경유,450,2025.10.07
현대,투싼,2024.0,192005.0,전기,655,2025-07-11
KG모빌리티,토레스,2021.0,136699.0,전기,274,2024-10-03
기아,K3,2017.0,,휘발유,100,2026-03-08
르노,SM6,2024.0,128649.0,하이브리드,1224,2026-02-24
기아,K5,2013.0,69974.0,경유,100,2024-09-29
현대,쏘나타,2021.0,226906.0,EV,256,2024-12-29
기아,K5,2015.0,160325.0,하이브리드,100,2025-08-28
현대,팰리세이드,2023.0,97191.0,경유,3126,2025-07-30
기아,카니발,2024.0,236113.0,전기,1339,2025-07-09
르노,SM6,2019.0,14951.0,휘발유,465,2024-08-26
기아,K3,2020.0,130301.0,하이브리드,100,2025.09.20
기아,카니발,2014.0,94327.0,경유,100,2024-11-27
현대,아반떼,2014.0,158776.0,경유,100,2026-03-03
현대,싼타페,2017.0,24013.0,전기,405,2025-08-23
현대,그랜저,2016.0,89568.0,경유,100,2026-01-19
KG모빌리티,렉스턴,2022.0,88173.0,하이브리드,975,2024-08-16
기아,K9,2016.0,197412.0,하이브리드,100,2024.05.10
기아,쏘렌토,2012.0,189027.0,전기,100,2026-02-28
현대,쏘나타,2021.0,88418.0,Diesel,1060,2025-10-16
현대,투싼,2014.0,91813.0,휘발유,100,2024-08-31
르노,XM3,2014.0,171772.0,휘발유,100,2025-12-26
르노,XM3,2012.0,74523.0,경유,100,2025-12-10
현대,그랜저,2016.0,211312.0,휘발유,100,2024-02-19
KG모빌리티,렉스턴,2023.0,115009.0,경유,3091,2025-02-27
KG모빌리티,렉스턴,2017.0,148136.0,휘발유,100,2025-05-05
기아,K5,2019.0,24322.0,휘발유,884,2024-10-28
현대,그랜저,2016.0,32453.0,하이브리드,291,2024-06-23
KG모빌리티,코란도,2023.0,24661.0,휘발유,1486,2024-12-12
KG모빌리티,티볼리,2018.0,176346.0,전기,100,2024-06-09
현대,아반떼,2017.0,58883.0,경유,515,2025-02-23
르노,QM6,2016.0,82961.0,휘발유,100,2024-02-20
KG모빌리티,렉스턴,2014.0,19288.0,휘발유,398,2025-03-13
현대,그랜저,2022.0,168863.0,전기,1483,2024-07-23
현대,아반떼,2015.0,49782.0,하이브리드,221,2024-03-24
KG모빌리티,티볼리,2016.0,210750.0,전기,100,2025-05-15
르노,SM6,2022.0,147639.0,경유,459,2025-01-14
KG모빌리티,토레스,2014.0,121857.0,하이브리드,100,2025-03-26
KG모빌리티,토레스,2015.0,224435.0,휘발유,100,2024-06-03
현대,아반떼,2022.0,95122.0,전기,1171,2026-02-13
기아,스포티지,2012.0,225409.0,전기,100,2025-07-02
KG모빌리티,코란도,2019.0,83342.0,전기,116,2026-01-01
현대,싼타페,2021.0,241048.0,경유,100,2024-05-03
KG모빌리티,코란도,2014.0,60545.0,경유,146,2024-05-09
현대,투싼,2013.0,,Diesel,100,2025-10-04
기아,카니발,2021.0,72603.0,휘발유,593,2024-03-30
KG모빌리티,렉스턴,2020.0,90492.0,하이브리드,1625,2025-06-16
KG모빌리티,티볼리,2024.0,188608.0,전기,1063,2024-04-25
KG모빌리티,코란도,2014.0,153529.0,휘발유,100,24/04/18
현대,그랜저,2020.0,235722.0,전기,107,2024-09-27
KG모빌리티,렉스턴,2021.0,164635.0,휘발유,924,2024-06-25
르노,XM3,2014.0,167069.0,전기,100,2024-02-09
KG모빌리티,토레스,2023.0,67279.0,전기,646,2024-10-02
르노,SM6,2017.0,219272.0,하이브리드,100,2024-11-14
르노,XM3,2023.0,184529.0,경유,122,2024-05-17
르노,QM6,,207907.0,하이브리드,100,2024.10.02
KG모빌리티,티볼리,2015.0,120793.0,EV,100,2026-01-28
KG모빌리티,토레스,2012.0,140074.0,경유,100,2024-03-08
르노,QM6,2020.0,110744.0,휘발유,116,24/06/26
기아,카니발,2015.0,224408.0,경유,100,2024-02-03
KG모빌리티,티볼리,2017.0,189715.0,하이브리드,100,2025-01-12
KG모빌리티,렉스턴,2022.0,246978.0,휘발유,100,2024.09.04
르노,XM3,2021.0,121943.0,전기,217,2025-08-23
르노,XM3,2014.0,224585.0,하이브리드,100,2026-02-05
현대,그랜저,2012.0,,경유,100,2025.08.08
기아,카니발,2015.0,174706.0,경유,100,2024-10-02
KG모빌리티,티볼리,2024.0,206214.0,휘발유,1062,2025-04-30
기아,쏘렌토,2014.0,162585.0,휘발유,100,2024-08-17
르노,QM6,2024.0,85074.0,하이브리드,1713,25/03/09
KG모빌리티,토레스,2019.0,71059.0,전기,269,2024-11-05
KG모빌리티,티볼리,2012.0,139090.0,하이브리드,100,2025-07-28
르노,XM3,2022.0,33338.0,휘발유,1131,2024-12-10
르노,QM6,2017.0,230834.0,하이브리드,100,2025-11-02
르노,SM6,2014.0,140605.0,경유,100,2024-02-28
KG모빌리티,토레스,2022.0,41681.0,휘발유,1346,25/11/02
KG모빌리티,토레스,2016.0,242741.0,전기,100,2025-02-01
현대,싼타페,2023.0,154957.0,경유,1173,2024-12-17
기아,쏘렌토,2020.0,172330.0,전기,1105,2025-11-18
르노,QM6,2016.0,,디젤,10,2024-10-27
현대,투싼,2014.0,199227.0,경유,100,2025-11-27
르노,QM6,2013.0,63262.0,경유,100,2026-02-01
르노,XM3,2024.0,237480.0,하이브리드,386,2024-09-23
르노,XM3,2013.0,128348.0,휘발유,100,2025-04-28
기아,스포티지,2013.0,232409.0,전기,100,2025-06-26
르노,XM3,2012.0,233287.0,경유,100,2024-05-20
기아,K7,2018.0,154265.0,전기,136,2024-05-26
르노,QM6,2014.0,209194.0,전기,100,2024-12-06
기아,K7,2022.0,20207.0,전기,687,2024-10-07
기아,카니발,2024.0,49198.0,Diesel,1690,2025-05-16
현대,쏘나타,2021.0,118694.0,전기,648,2025-02-17
KG모빌리티,렉스턴,2018.0,6223.0,경유,556,2026-01-18
르노,SM6,2017.0,203403.0,경유,100,2024-01-19
현대,팰리세이드,2023.0,70227.0,하이브리드,1446,2024-11-15
기아,K3,2018.0,136946.0,하이브리드,100,2024-06-20
현대,아반떼,2016.0,81238.0,하이브리드,100,2025-03-20
기아,K7,2019.0,99175.0,경유,477,2024.06.17
KG모빌리티,티볼리,2015.0,63804.0,경유,181,2024-08-04
현대,싼타페,2020.0,49298.0,하이브리드,414,2025-12-29
현대,투싼,2022.0,72053.0,휘발유,1247,2025-08-31
현대,팰리세이드,2013.0,176328.0,휘발유,100,2024-02-19
현대,투싼,2019.0,104681.0,하이브리드,100,2025-04-30
기아,K5,2023.0,184762.0,휘발유,790,2024-11-04
KG모빌리티,티볼리,2022.0,,디젤,364,2025-03-04
현대,싼타페,2023.0,166925.0,하이브리드,235,2024-04-26
현대,투싼,2015.0,9999999.0,하이브리드,100,2025-06-19
기아,K7,2023.0,112415.0,경유,730,2024.02.10
KG모빌리티,코란도,2023.0,249612.0,하이브리드,277,24/08/28
현대,아반떼,2022.0,28331.0,휘발유,1611,2025-08-10
KG모빌리티,코란도,2013.0,209348.0,휘발유,100,2026-01-10
현대,그랜저,2022.0,65597.0,HEV,1692,2024-09-27
KG모빌리티,티볼리,2013.0,218169.0,휘발유,100,2024-10-24
르노,QM6,2017.0,116672.0,Gasoline,114,2024-04-07
현대,아반떼,2014.0,178894.0,경유,100,2024-12-02
르노,XM3,2021.0,75335.0,휘발유,1087,25/01/16
르노,SM6,2013.0,110061.0,전기,100,2024-10-05
KG모빌리티,렉스턴,2024.0,115556.0,Diesel,2787,2024-04-25
기아,쏘렌토,2023.0,20373.0,경유,3497,2024.04.16
KG모빌리티,렉스턴,2024.0,154145.0,전기,2681,2024-07-04
KG모빌리티,토레스,2021.0,12554.0,경유,1386,2025-05-09
KG모빌리티,티볼리,2018.0,120523.0,휘발유,100,2024-09-24
르노,SM6,2023.0,232628.0,경유,610,2025-11-16
르노,QM6,2020.0,185418.0,가솔린,179,2025-03-19
기아,K9,2017.0,178987.0,전기,210,2024-06-01
현대,아반떼,2022.0,249939.0,전기,100,2025-05-22
기아,K3,2024.0,133882.0,경유,888,2024-12-04
르노,SM6,2020.0,63381.0,전기,674,25/02/16
기아,K3,2019.0,121441.0,전기,399,2024-03-31
KG모빌리티,렉스턴,2017.0,36118.0,휘발유,754,2024.04.15
KG모빌리티,렉스턴,2012.0,151048.0,휘발유,100,2024-04-03
르노,QM6,2020.0,59224.0,전기,775,2024-12-15
KG모빌리티,토레스,2024.0,232881.0,경유,100,2025-12-15
기아,K5,2022.0,168703.0,HEV,709,2025-07-31
르노,SM6,2012.0,158138.0,경유,100,2024-02-28
KG모빌리티,토레스,2015.0,224435.0,휘발유,100,2024-06-03
KG모빌리티,코란도,2023.0,230835.0,전기,364,2024-09-22
현대,그랜저,2017.0,181634.0,전기,100,2025-08-20
기아,스포티지,2018.0,115897.0,전기,100,2025-10-12
현대,싼타페,2015.0,156760.0,휘발유,120000,2025-09-26
현대,쏘나타,2015.0,224998.0,Diesel,100,2024-09-01
현대,아반떼,2017.0,216578.0,하이브리드,100,2025-06-20
현대,투싼,2015.0,9999999.0,하이브리드,100,2025-06-19
현대,아반떼,2013.0,16917.0,HEV,332,2025-10-28
르노,QM6,2024.0,51832.0,가솔린,1575,2025-10-02
르노,XM3,2014.0,171772.0,휘발유,100,2025-12-26
르노,XM3,2012.0,233287.0,경유,100,2024-05-20
